No.,longitude,latitude,housing_median_age,total_rooms,total_bedrooms,population,households,median_income,median_house_value,ocean_proximity
1,-122.12,37.7,17,2488,617,1287,538,2.9922,179900,NEAR BAY
2,-122.21,38.1,36,3018,557,1445,556,3.8029,129900,NEAR BAY
3,-122.22,38.11,43,1939,353,968,392,3.1848,112700,NEAR BAY
4,-122.2,37.78,52,2300,443,1225,423,3.5398,158400,NEAR BAY
5,-122.19,37.79,50,954,217,546,201,2.6667,172800,NEAR BAY
6,-122.19,37.76,26,1293,297,984,303,1.9479,85800,NEAR BAY
7,-122.17,37.74,43,818,193,494,179,2.4776,101600,NEAR BAY
8,-122.18,37.75,46,941,218,621,195,1.325,87100,NEAR BAY
9,-122.16,37.75,38,2457,624,1516,482,1.5625,91700,NEAR BAY
10,-122.14,37.75,33,1334,200,579,202,6.8323,255900,NEAR BAY
11,-122.33,37.89,42,1342,291,551,266,4.5268,207400,NEAR BAY
12,-122.27,37.89,52,2640,366,973,355,7.266,371100,NEAR BAY
13,-122.26,37.88,52,2604,837,1798,769,1.725,287500,NEAR BAY
14,-122.25,37.77,52,1038,220,482,215,3.1771,210200,NEAR BAY
15,-122.24,37.72,5,18634,2885,7427,2718,7.611,350700,NEAR BAY
16,-122.11,37.71,36,4569,824,1950,819,4.65,206800,NEAR BAY
17,-122.09,37.71,31,1843,282,749,269,5.2855,253500,NEAR BAY
18,-122.1,37.71,27,6740,1073,2723,1035,5.2131,252500,NEAR BAY
19,-122.07,37.7,39,1420,272,645,277,4.125,232500,NEAR BAY
20,-122.18,37.71,45,726,147,519,135,3.375,157500,NEAR BAY
21,-122.16,37.72,10,2229,601,877,485,3.3431,137500,NEAR BAY
22,-122.12,37.71,35,1037,207,552,210,4,167900,NEAR BAY
23,-122.14,37.71,18,3905,1007,2197,1044,3.6932,166800,NEAR BAY
24,-122.17,37.7,24,1755,365,952,362,4,202600,NEAR BAY
25,-122.03,37.69,20,200,25,83,31,6.5,340000,NEAR BAY
26,-122.04,37.63,21,1307,236,586,249,4.7813,241900,NEAR BAY
27,-122.08,37.68,26,2607,682,1401,607,2.6563,184100,NEAR BAY
28,-122.14,37.67,34,3036,533,1366,500,4.2386,192300,NEAR BAY
29,-122.1,37.66,34,656,115,342,112,4.6875,200600,NEAR BAY
30,-122.08,37.64,36,1116,199,662,226,5.7309,177900,NEAR BAY
31,-122.04,37.62,35,899,179,455,185,4.2857,190400,NEAR BAY
32,-122.09,37.63,35,1213,221,790,243,4.7019,174100,NEAR BAY
33,-122.06,37.6,18,1726,276,1186,310,5.3226,231700,NEAR BAY
34,-121.96,37.58,15,3575,597,1777,559,5.7192,283500,<1H OCEAN
35,-122.01,37.57,14,16199,2993,8117,2847,5.8322,281800,NEAR BAY
36,-122.05,37.57,7,10648,1818,6075,1797,6.1047,278200,NEAR BAY
37,-121.95,37.54,29,3517,645,1724,585,4.6641,248900,<1H OCEAN
38,-121.98,37.53,28,2829,566,1610,540,4.6,223200,<1H OCEAN
39,-121.98,37.53,26,3179,703,2142,639,4.1947,222700,<1H OCEAN
40,-121.92,37.72,4,7477,1576,2937,1506,5.1437,299400,<1H OCEAN
41,-121.93,37.72,26,2806,459,1453,444,4.9107,213800,<1H OCEAN
42,-121.88,37.67,16,4070,624,1543,577,6.5214,311500,INLAND
43,-121.87,37.66,39,522,116,161,102,2.4896,238500,INLAND
44,-121.87,37.67,10,4337,800,1813,743,5.5,247200,INLAND
45,-121.85,37.68,4,4719,741,1895,742,6.8132,282500,INLAND
46,-121.85,37.66,14,4236,701,1833,663,5.6399,300600,INLAND
47,-120.59,38.45,13,2944,558,1091,466,3,119000,INLAND
48,-120.97,38.42,16,1748,322,4930,287,4.3029,121900,INLAND
49,-120.71,38.34,16,1257,231,559,213,4.4531,144300,INLAND
50,-121.87,39.75,22,1707,296,822,297,3.6625,126600,INLAND
51,-121.59,39.77,24,1535,276,664,273,2.3068,97300,INLAND
52,-121.58,39.79,19,2636,523,1184,465,2.7863,108600,INLAND
53,-121.6,39.77,23,2263,497,1138,455,2.3403,87300,INLAND
54,-121.36,39.52,15,2490,527,1229,497,2.3917,85700,INLAND
55,-121.52,39.49,30,1217,238,677,233,2.6563,63600,INLAND
56,-120.88,38.16,8,2029,387,1000,364,4.0109,125900,INLAND
57,-120.91,38.11,9,3585,680,1800,598,3.636,133100,INLAND
58,-120.76,38.12,7,7188,1288,3175,1115,3.8488,130600,INLAND
59,-121.83,37.99,16,2919,462,1456,453,5.6779,164700,INLAND
60,-122.09,37.99,19,3073,506,1773,493,5.4496,205400,NEAR BAY
61,-122.09,37.97,5,5303,779,2017,727,6.9961,294100,NEAR BAY
62,-122.09,37.98,14,5381,871,2296,872,5.6875,211000,NEAR BAY
63,-122.07,37.98,12,6915,1639,2940,1468,4.0154,186100,NEAR BAY
64,-122.02,37.98,37,1474,343,782,331,3.4187,161700,NEAR BAY
65,-122,37.98,31,2030,337,867,341,5.0915,193200,INLAND
66,-122.04,37.96,27,2587,729,1500,623,1.837,175000,NEAR BAY
67,-122.02,37.96,25,2615,368,935,366,6.6727,305100,NEAR BAY
68,-122.04,37.95,29,866,138,341,133,4.7188,197100,NEAR BAY
69,-121.94,37.73,22,1980,291,861,290,6.2726,258200,<1H OCEAN
70,-121.94,37.75,16,5121,735,2464,761,6.6204,296100,<1H OCEAN
71,-121.98,37.8,16,2498,330,1027,343,8.155,343700,<1H OCEAN
72,-121.93,37.76,5,2255,269,876,258,10.3345,461400,<1H OCEAN
73,-122.08,37.88,26,2947,,825,626,2.933,85000,NEAR BAY
74,-121.94,37.83,11,2836,373,959,335,10.5815,500001,INLAND
75,-121.96,37.94,26,3084,505,1557,501,5.1582,194700,INLAND
76,-122.31,37.94,38,2172,403,945,384,4.3958,194200,NEAR BAY
77,-122.32,37.95,36,1425,245,573,239,4.35,185000,NEAR BAY
78,-122.32,38,32,2275,397,1233,418,4.0437,162800,NEAR BAY
79,-122.34,37.98,33,2014,410,1354,427,3.9773,131300,NEAR BAY
80,-122.35,37.95,42,1485,290,971,303,3.6094,114600,NEAR BAY
81,-122.34,37.94,44,1917,444,936,435,2.7391,140300,NEAR BAY
82,-122.32,37.91,34,2669,647,1341,555,2.6399,119600,NEAR BAY
83,-122.28,37.91,38,2501,348,805,329,6.5576,358500,NEAR BAY
84,-120.87,38.83,12,2180,423,1070,377,2.8562,128200,INLAND
85,-120.78,38.74,28,4236,877,2008,881,2.1603,111300,INLAND
86,-120.67,38.76,35,2104,403,1060,400,2.1682,138100,INLAND
87,-120.76,38.6,14,2925,625,1226,437,2.5865,133800,INLAND
88,-119.81,36.73,47,1314,416,1155,326,1.372,49600,INLAND
89,-119.78,36.75,35,2114,506,2050,474,1.2375,50000,INLAND
90,-119.76,36.72,24,1240,265,1035,232,2.875,60600,INLAND
91,-119.69,36.74,23,2097,385,911,405,3.5128,121600,INLAND
92,-119.68,36.63,39,1237,256,638,239,3.0139,65300,INLAND
93,-119.82,36.76,41,1973,399,1107,375,1.8971,66900,INLAND
94,-119.8,36.75,46,2625,593,1368,551,1.5273,59000,INLAND
95,-119.77,36.76,43,1945,413,1492,422,1.5174,54600,INLAND
96,-119.72,36.81,15,2175,564,1194,482,2.6767,87500,INLAND
97,-119.76,36.77,38,3804,814,2142,816,2.1439,60200,INLAND
98,-119.78,36.78,37,2185,455,1143,438,1.9784,70700,INLAND
99,-119.82,36.81,25,3305,551,1149,500,5.0698,150900,INLAND
100,-119.77,36.84,15,1924,262,848,277,5.3886,125300,INLAND
101,-119.78,36.83,11,2754,663,1328,604,2.3667,69300,INLAND
102,-119.8,36.82,24,5377,1005,2010,982,3.4542,121200,INLAND
103,-119.82,36.79,18,5822,1439,3415,1224,1.6854,64700,INLAND
104,-119.8,36.79,45,1337,187,471,187,5.187,153800,INLAND
105,-119.69,36.85,20,2655,432,1081,379,4.5398,143100,INLAND
106,-119.69,36.83,8,943,189,475,155,4.9327,89500,INLAND
107,-119.69,36.81,13,1524,366,994,370,2.5446,93800,INLAND
108,-119.64,36.82,14,4872,656,2085,617,5.6739,173800,INLAND
109,-119.63,36.7,42,1338,215,617,222,3.0833,133300,INLAND
110,-119.56,36.71,37,1609,374,1173,344,2.181,59900,INLAND
111,-119.48,37,16,2904,551,1467,509,3.1736,111800,INLAND
112,-119.61,36.57,42,2242,521,1359,483,1.5833,65100,INLAND
113,-119.97,36.57,17,1497,308,1425,247,2.0313,69400,INLAND
114,-120.41,36.77,24,1335,312,1180,267,1.947,68900,INLAND
115,-120.51,36.86,21,1779,399,1446,371,2.4414,71900,INLAND
116,-122.74,39.71,16,255,73,85,38,1.6607,14999,INLAND
117,-124.14,40.67,23,580,117,320,109,4.2054,130600,NEAR OCEAN
118,-124.19,40.73,21,5694,1056,2907,972,3.5363,90100,NEAR OCEAN
119,-123.96,40.57,31,1854,365,883,310,2.3167,92600,<1H OCEAN
120,-124.08,40.06,17,1319,267,393,163,2.625,135600,NEAR OCEAN
121,-123.68,40.24,31,1852,452,917,359,1.725,54300,<1H OCEAN
122,-115.41,32.99,29,1141,220,684,194,3.4038,107800,INLAND
123,-115.56,32.96,21,2164,480,1164,421,3.8177,107200,INLAND
124,-115.57,32.8,33,1192,213,1066,211,4.5714,68600,INLAND
125,-115.57,32.78,25,2007,301,1135,332,5.128,99600,INLAND
126,-115.56,32.78,29,1568,283,848,245,3.1597,76200,INLAND
127,-115.5,32.68,18,3631,913,3565,924,1.5931,88400,INLAND
128,-115.95,33.28,12,99,25,37,17,1.8958,53800,INLAND
129,-117.02,36.4,19,619,239,490,164,2.1,14999,INLAND
130,-118.94,35.4,14,5548,941,2815,935,4.2214,104600,INLAND
131,-118.94,35.37,33,3372,741,2352,704,2.0643,57600,INLAND
132,-119.03,35.39,28,4513,764,1593,763,2.9821,118700,INLAND
133,-119.02,35.37,44,2687,620,1521,549,1.7213,61600,INLAND
134,-119,35.36,35,1021,280,1258,239,1.7375,48600,INLAND
135,-119.02,35.35,38,1472,305,670,282,2.2407,76000,INLAND
136,-119.03,35.34,36,3474,645,1679,616,2.7256,71900,INLAND
137,-119.07,35.34,16,4201,786,1667,724,4.8839,134100,INLAND
138,-119.12,35.33,4,8574,1489,4250,1444,5.1036,103400,INLAND
139,-119.09,35.35,14,2113,256,842,265,8.5325,224100,INLAND
140,-119.06,35.33,14,5264,1064,3278,1049,3.8117,82800,INLAND
141,-119.04,35.31,11,2161,371,1267,388,4.1957,92700,INLAND
142,-119.47,35.14,19,4190,690,1973,702,3.9929,88300,INLAND
143,-119.28,35.52,36,786,194,573,134,2.2321,37500,INLAND
144,-119.27,35.49,39,2649,572,1815,547,2.3533,65400,INLAND
145,-118.59,35.72,28,1491,408,98,48,1.4205,90000,INLAND
146,-118.47,35.64,17,2248,535,927,427,1.3023,68500,INLAND
147,-117.66,35.63,33,2579,564,1155,431,2.0441,42100,INLAND
148,-117.76,35.63,12,2014,372,1027,356,3.9261,101300,INLAND
149,-118.27,34.92,20,873,175,422,159,2.9583,91700,INLAND
150,-118.15,34.86,10,4597,1009,2227,821,2.6149,83500,INLAND
151,-118.48,35.14,4,8417,1657,4631,1468,3.6949,115800,INLAND
152,-118.46,35.13,19,3109,640,1457,620,2.6417,94900,INLAND
153,-118.92,35.13,29,1297,262,909,253,1.9236,106300,INLAND
154,-119.65,36.37,4,3725,783,1478,600,3.5486,148000,INLAND
155,-119.65,36.35,38,3148,568,1378,537,2.8788,85500,INLAND
156,-119.63,36.35,4,1684,343,920,324,4.2396,90600,INLAND
157,-119.63,36.33,14,2928,600,1633,559,1.8385,67500,INLAND
158,-119.65,36.34,47,1869,357,832,315,3.0846,76100,INLAND
159,-119.68,36.32,28,1325,276,873,240,2.5833,54400,INLAND
160,-119.69,36.25,35,2011,349,970,300,2.395,94100,INLAND
161,-119.57,36.1,37,1676,316,707,274,2.0595,60700,INLAND
162,-122.99,39.02,14,1582,301,851,273,3.45,164100,<1H OCEAN
163,-122.69,39.04,9,254,50,66,29,2.7639,112500,INLAND
164,-122.65,38.99,16,4279,951,1596,666,1.8571,75900,INLAND
165,-122.78,38.97,11,5175,971,2144,792,3.0466,97300,INLAND
166,-122.55,38.81,7,3639,637,1027,421,3.8831,132100,INLAND
167,-122.68,38.76,29,994,226,302,117,2.3125,67900,INLAND
168,-120.09,39.92,19,2335,518,1028,383,1.7267,60700,INLAND
169,-118.28,34.25,29,2559,,1886,769,2.6036,162100,<1H OCEAN
170,-118.35,34.21,39,1470,312,1047,284,3.275,181400,<1H OCEAN
171,-118.31,34.28,34,3258,610,1810,633,5.1145,219900,<1H OCEAN
172,-118.35,34.27,32,604,108,314,113,6.2037,205400,<1H OCEAN
173,-118.3,34.25,44,1442,285,859,292,4.5833,197300,<1H OCEAN
174,-118.42,34.26,37,1789,424,2279,411,3.9,138600,<1H OCEAN
175,-118.42,34.27,35,2700,702,3444,679,1.4867,124000,<1H OCEAN
176,-118.42,34.24,17,2049,548,2243,541,2.525,163700,<1H OCEAN
177,-118.45,34.27,35,1579,300,1012,265,5.1296,195900,<1H OCEAN
178,-118.46,34.25,33,2202,433,1135,407,4.2143,224200,<1H OCEAN
179,-118.51,34.27,34,3787,771,1966,738,4.055,222500,<1H OCEAN
180,-118.61,34.25,16,8295,1506,3903,1451,5.5111,276600,<1H OCEAN
181,-118.58,34.24,26,3239,647,1529,590,3.2426,236900,<1H OCEAN
182,-118.58,34.25,23,4883,769,2119,725,5.521,280800,<1H OCEAN
183,-118.54,34.23,35,3422,601,1690,574,4.375,232900,<1H OCEAN
184,-118.54,34.25,26,2639,378,1191,401,6.2788,322200,<1H OCEAN
185,-118.54,34.22,34,2193,513,1299,497,3.6187,211600,<1H OCEAN
186,-118.45,34.25,34,2094,380,1207,380,5.2801,212300,<1H OCEAN
187,-118.48,34.23,30,1762,263,761,292,6.5268,273100,<1H OCEAN
188,-118.43,34.25,32,2433,553,2318,532,3.6384,159300,<1H OCEAN
189,-118.46,34.22,39,1500,333,998,309,3.9625,168200,<1H OCEAN
190,-118.44,34.21,41,1440,325,1014,322,2.875,168600,<1H OCEAN
191,-118.4,34.21,30,2453,544,1753,506,2.9803,191500,<1H OCEAN
192,-118.4,34.24,35,2552,545,1850,503,4.775,179500,<1H OCEAN
193,-118.39,34.22,35,1790,334,1277,345,5.0818,186800,<1H OCEAN
194,-118.37,34.2,34,2199,609,2488,597,2.9861,171800,<1H OCEAN
195,-118.4,34.2,13,4859,1293,3351,1200,3.6875,211900,<1H OCEAN
196,-118.42,34.19,34,2622,572,1997,573,3.338,222500,<1H OCEAN
197,-118.45,34.2,19,3666,1150,2657,1090,2.9688,202100,<1H OCEAN
198,-118.43,34.16,34,2622,467,1233,476,4.0474,379700,<1H OCEAN
199,-118.44,34.16,35,3080,642,1362,623,4.1218,328500,<1H OCEAN
200,-118.51,34.22,36,2794,523,1334,472,4.3462,222100,<1H OCEAN
201,-118.52,34.19,37,1560,275,763,284,3.8516,206900,<1H OCEAN
202,-118.57,34.21,23,4891,793,2447,765,5.8798,270500,<1H OCEAN
203,-118.59,34.21,34,1943,320,895,305,5.0462,227700,<1H OCEAN
204,-118.62,34.2,23,3098,542,1486,492,5.7613,235800,<1H OCEAN
205,-118.56,34.19,36,2600,441,1246,426,4.1111,215600,<1H OCEAN
206,-118.57,34.2,33,1759,311,943,315,5.223,209200,<1H OCEAN
207,-118.6,34.16,32,3999,667,1628,631,6.0794,338500,<1H OCEAN
208,-118.53,34.18,16,7194,1976,3687,1894,3.1887,189300,<1H OCEAN
209,-118.55,34.17,36,2127,297,761,274,7.8392,500001,<1H OCEAN
210,-118.53,34.14,28,6920,906,2515,860,9.2189,500001,<1H OCEAN
211,-118.39,34.15,29,917,181,379,183,3.4612,425000,<1H OCEAN
212,-118.18,34.13,52,2228,475,1311,452,3.5341,182100,<1H OCEAN
213,-118.19,34.13,50,1309,302,883,293,3.1287,198000,<1H OCEAN
214,-118.18,34.11,44,1346,398,1204,344,2.3984,152200,<1H OCEAN
215,-118.33,34.12,23,1894,416,769,392,6.0352,500001,<1H OCEAN
216,-118.32,34.1,43,1615,734,1460,644,1.4005,193800,<1H OCEAN
217,-118.3,34.09,32,2202,674,2178,635,2.0307,226700,<1H OCEAN
218,-118.26,34.08,45,2174,627,1992,557,2.5428,167800,<1H OCEAN
219,-118.25,34.09,52,3142,765,1728,682,3.1864,189800,<1H OCEAN
220,-118.22,34.07,36,839,250,1079,245,1.7463,158300,<1H OCEAN
221,-118.18,34.08,33,1369,408,1475,377,2.3281,151900,<1H OCEAN
222,-118.17,34.08,39,787,181,731,179,3.2279,158500,<1H OCEAN
223,-118.19,34.06,47,2324,658,3020,594,1.1868,93800,<1H OCEAN
224,-118.21,34.06,30,511,153,1152,149,2.3611,156800,<1H OCEAN
225,-118.28,34.06,17,2518,1196,3051,1000,1.7199,175000,<1H OCEAN
226,-118.27,34.06,45,564,353,1172,319,1.494,187500,<1H OCEAN
227,-118.26,34.06,33,1950,1047,3707,1012,1.7238,110000,<1H OCEAN
228,-118.34,34.06,52,1311,310,707,290,3.4812,432800,<1H OCEAN
229,-118.31,34.08,49,2549,630,1539,594,2.6218,350900,<1H OCEAN
230,-118.3,34.06,21,3960,1490,3468,1335,1.8214,475000,<1H OCEAN
231,-118.29,34.05,31,2818,1252,4126,1200,2.053,229200,<1H OCEAN
232,-118.34,34.08,52,2756,542,971,510,5.5871,500001,<1H OCEAN
233,-118.37,34.07,52,2195,435,884,432,5.24,486400,<1H OCEAN
234,-118.38,34.08,25,4625,1307,1739,1191,3.3989,485000,<1H OCEAN
235,-118.35,34.06,48,1354,279,716,309,3.7167,385000,<1H OCEAN
236,-118.36,34.05,48,1825,404,728,363,3.3824,322600,<1H OCEAN
237,-118.38,34.05,49,702,,458,187,4.8958,333600,<1H OCEAN
238,-118.34,34.05,50,2009,419,1130,402,3.1944,213500,<1H OCEAN
239,-118.33,34.05,46,3015,795,2300,725,2.0706,268500,<1H OCEAN
240,-118.33,34.02,46,1528,391,933,366,2.1979,125700,<1H OCEAN
241,-118.36,34.03,38,1400,376,1139,315,2.2368,120000,<1H OCEAN
242,-118.29,34.04,41,659,291,1224,290,2.0817,132500,<1H OCEAN
243,-118.31,34.04,33,2691,726,2390,681,2.4048,208300,<1H OCEAN
244,-118.3,34.02,31,1933,478,1522,423,1.5781,119300,<1H OCEAN
245,-118.27,34.03,50,395,232,948,243,1.7546,175000,<1H OCEAN
246,-118.27,34.03,51,1280,422,1560,381,1.7115,125000,<1H OCEAN
247,-118.28,34.05,44,1273,474,1754,460,1.6037,275000,<1H OCEAN
248,-118.26,34.02,41,848,323,1428,313,1.5603,109600,<1H OCEAN
249,-118.27,34.01,47,921,264,881,221,1.4327,114100,<1H OCEAN
250,-118.24,33.99,41,1425,372,1803,353,1.6731,88200,<1H OCEAN
251,-118.3,33.99,47,2637,588,1903,521,1.8317,96500,<1H OCEAN
252,-118.3,33.99,47,2212,533,1903,554,1.9853,101100,<1H OCEAN
253,-118.34,33.98,46,2126,409,1292,414,2.9315,149000,<1H OCEAN
254,-118.34,34.01,37,4291,1102,1941,953,1.7945,106300,<1H OCEAN
255,-118.35,34.02,34,5218,1576,3538,1371,1.5143,118800,<1H OCEAN
256,-118.35,34,28,3085,621,1162,558,3.25,301000,<1H OCEAN
257,-118.27,33.98,30,1966,584,2028,535,1.625,101500,<1H OCEAN
258,-118.25,33.95,35,1405,326,1086,273,1.0375,89800,<1H OCEAN
259,-118.26,33.94,44,1103,265,760,247,1.6887,99600,<1H OCEAN
260,-118.27,33.92,36,1465,346,1147,324,1.7262,88800,<1H OCEAN
261,-118.27,33.94,43,1309,344,1182,340,1.6625,88700,<1H OCEAN
262,-118.29,33.93,41,896,198,605,168,2.2778,128100,<1H OCEAN
263,-118.25,33.94,43,1113,378,1305,334,1.1434,91300,<1H OCEAN
264,-118.24,33.95,37,441,125,390,98,1.6513,90200,<1H OCEAN
265,-118.24,33.94,37,869,241,1040,233,2,84200,<1H OCEAN
266,-118.24,33.94,42,380,106,411,100,0.9705,90000,<1H OCEAN
267,-118.47,34.05,22,5215,1193,2048,1121,4.7009,500001,<1H OCEAN
268,-118.45,34.07,13,4284,1452,3806,1252,1.3125,350000,<1H OCEAN
269,-118.44,34.05,20,5943,1538,2492,1429,4.1141,305000,<1H OCEAN
270,-118.38,34.03,36,2101,569,1756,527,2.9344,222100,<1H OCEAN
271,-118.43,34.03,45,1740,311,788,306,5.2099,373600,<1H OCEAN
272,-118.41,34.02,35,1728,442,1161,420,3.725,310000,<1H OCEAN
273,-118.4,33.99,39,1613,380,1113,356,2.825,276700,<1H OCEAN
274,-118.43,33.96,38,1104,216,415,163,6.1985,422000,<1H OCEAN
275,-118.4,33.97,37,1364,248,494,242,4.6364,456300,<1H OCEAN
276,-118.38,33.95,29,1821,588,1397,523,2.5833,187500,<1H OCEAN
277,-118.29,33.87,32,1700,340,864,317,4.381,238700,<1H OCEAN
278,-118.3,33.86,35,2016,365,1083,369,5.1727,230200,<1H OCEAN
279,-118.25,33.79,32,1205,340,1799,370,2.375,128000,NEAR OCEAN
280,-118.3,33.76,18,9659,1716,4336,1674,5.7764,290500,<1H OCEAN
281,-118.28,33.75,18,393,189,429,188,1.8393,187500,NEAR OCEAN
282,-118.31,33.74,22,5042,974,2260,935,4.3472,351200,NEAR OCEAN
283,-118.28,33.73,52,2085,588,1767,516,2.1935,243200,NEAR OCEAN
284,-118.29,33.72,21,1568,452,801,422,3.5109,225000,NEAR OCEAN
285,-118.23,34.18,47,1853,345,757,310,3.6875,422000,<1H OCEAN
286,-118.25,34.17,52,1532,292,631,275,5.1242,372900,<1H OCEAN
287,-118.28,34.18,47,2243,339,911,319,7.4046,446800,<1H OCEAN
288,-118.24,34.14,28,1843,554,1402,512,2.462,254000,<1H OCEAN
289,-118.26,34.14,29,3431,1222,4094,1205,2.2614,248100,<1H OCEAN
290,-118.25,34.13,36,2946,1025,2542,912,2.2244,255900,<1H OCEAN
291,-118.3,34.19,52,1704,277,746,262,4.7986,326100,<1H OCEAN
292,-118.32,34.19,37,1335,249,485,240,4.1731,352100,<1H OCEAN
293,-118.3,34.18,13,7174,1997,4293,1872,3.0973,251900,<1H OCEAN
294,-118.34,34.19,43,1029,252,613,255,2.6827,219900,<1H OCEAN
295,-118.35,34.16,45,1390,281,538,270,4.2212,293800,<1H OCEAN
296,-118.34,34.16,46,1396,294,608,246,3.692,244500,<1H OCEAN
297,-118.34,34.15,16,1586,377,625,344,4.0893,450000,<1H OCEAN
298,-118.33,34.16,23,1359,428,770,380,3.4016,234600,<1H OCEAN
299,-118.44,34.28,37,944,244,1107,235,1.9688,144100,<1H OCEAN
300,-117.9,34.14,29,2240,457,1187,407,3.8365,184200,<1H OCEAN
301,-117.85,34.14,35,1582,248,654,221,4.9091,275000,INLAND
302,-117.75,34.08,33,1067,194,600,201,4.0368,139100,INLAND
303,-117.78,34.06,33,1056,272,964,300,2.4464,128700,INLAND
304,-117.76,34.05,36,3839,1004,4711,942,2.3859,116200,INLAND
305,-117.74,34.07,42,2504,553,1550,509,3.0294,135700,INLAND
306,-117.74,34.07,52,1868,316,947,328,4.2415,140100,INLAND
307,-117.73,34.08,28,5173,1069,3502,954,3.8438,130800,INLAND
308,-117.87,34.04,7,27700,4179,15037,4072,6.6288,339700,<1H OCEAN
309,-117.88,34.12,34,912,165,522,150,4.0417,178000,<1H OCEAN
310,-117.97,34.08,8,2027,480,1781,447,3.0806,142400,INLAND
311,-117.97,34.09,27,3569,761,3339,762,4.1304,160500,INLAND
312,-117.94,34.08,32,2704,514,1669,497,4.4653,195400,<1H OCEAN
313,-117.93,34.08,35,689,128,379,128,3.9583,206000,<1H OCEAN
314,-117.89,34.09,37,1813,394,1100,375,3.4453,176700,<1H OCEAN
315,-117.88,34.08,30,6132,1538,3147,1449,2.7763,187800,<1H OCEAN
316,-117.9,34.07,36,1009,164,466,149,5.8519,249400,<1H OCEAN
317,-117.94,34.07,25,1814,404,1187,363,3.3523,170800,<1H OCEAN
318,-117.94,34.05,34,1729,324,1341,324,3.7708,163500,<1H OCEAN
319,-117.94,34.03,35,1375,249,1015,239,4.0521,151800,<1H OCEAN
320,-117.98,34.02,33,3512,632,1971,598,4.4653,193200,<1H OCEAN
321,-117.75,34.06,52,1171,318,1126,276,1.9762,105800,INLAND
322,-118.05,34.16,41,3320,713,1236,659,3.5694,278600,INLAND
323,-118.03,34.16,39,2731,366,1034,338,9.8098,500001,INLAND
324,-118.04,34.13,35,249,31,268,29,15.0001,500001,INLAND
325,-118.02,34.12,37,2250,360,989,329,6.1536,366000,INLAND
326,-118.01,34.11,43,1858,345,1054,329,3.5625,211600,INLAND
327,-118.06,34.1,42,1576,313,697,282,4.3523,283600,<1H OCEAN
328,-118.07,34.09,40,1745,370,1293,357,2.5474,198100,<1H OCEAN
329,-118.01,34.1,27,2424,542,1713,557,3.8085,181400,INLAND
330,-118.16,34.19,40,1840,358,1218,347,4.25,177900,<1H OCEAN
331,-118.18,34.16,34,5012,746,1699,715,9.4987,500001,<1H OCEAN
332,-118.16,34.18,44,1870,389,1345,391,1.8932,136100,<1H OCEAN
333,-118.17,34.18,44,1401,246,607,271,2.8472,218800,<1H OCEAN
334,-118.16,34.19,44,2195,449,1377,417,3.5887,153500,<1H OCEAN
335,-118.12,34.17,52,2166,483,1308,467,3.0417,222600,INLAND
336,-118.11,34.16,52,2489,437,1101,438,4.2065,320300,INLAND
337,-118.07,34.16,39,1804,265,730,276,6.4761,397500,INLAND
338,-118.07,34.16,35,2459,438,970,437,4.2143,369400,INLAND
339,-118.12,34.11,52,2787,353,1057,364,10.2317,500001,<1H OCEAN
340,-118.13,34.11,52,2568,345,1102,345,9.1373,500001,<1H OCEAN
341,-118.08,34.13,28,4465,985,2273,949,3.5671,228500,INLAND
342,-118.13,34.1,26,3050,825,2153,772,3.1103,214100,<1H OCEAN
343,-118.15,34.1,52,4325,823,1927,795,3.9485,419100,<1H OCEAN
344,-118.14,34.1,27,4073,1013,2411,933,3.108,231000,<1H OCEAN
345,-118.09,34.09,40,855,208,745,222,3.0125,224000,<1H OCEAN
346,-118.09,34.04,24,1543,257,824,271,6.4385,272600,<1H OCEAN
347,-118.06,33.99,38,862,178,484,176,4.375,186200,<1H OCEAN
348,-118.04,33.96,42,1430,338,1269,321,3.3214,148800,<1H OCEAN
349,-118.09,33.98,39,936,194,691,211,3.6875,169500,<1H OCEAN
350,-118.09,33.97,39,1473,297,1108,294,4.1389,166000,<1H OCEAN
351,-118.09,33.94,33,1976,404,1379,395,3.8542,175400,<1H OCEAN
352,-118.02,33.95,35,2085,400,1112,391,3.4886,173900,<1H OCEAN
353,-117.99,33.9,30,1677,372,1021,332,3.5859,199700,<1H OCEAN
354,-118.16,34.04,22,2991,791,2486,754,1.5078,181900,<1H OCEAN
355,-118.18,34.06,45,934,228,893,192,2.53,140300,<1H OCEAN
356,-118.11,34,33,2886,726,2650,728,2.625,178700,<1H OCEAN
357,-118.16,34,37,1341,336,1233,306,3.6583,150500,<1H OCEAN
358,-118.19,33.98,34,1022,286,1058,275,2.6042,156700,<1H OCEAN
359,-118.16,33.97,39,1444,447,1890,416,2.1181,176600,<1H OCEAN
360,-118.25,33.96,43,1876,454,1571,458,2.0323,112500,<1H OCEAN
361,-118.2,33.96,43,1233,306,1190,282,2.8371,161300,<1H OCEAN
362,-118.19,33.93,44,1613,345,1227,342,3.1667,145700,<1H OCEAN
363,-118.21,33.94,34,710,205,1134,233,2.7734,141100,<1H OCEAN
364,-118.27,33.91,42,1786,358,1318,373,2.625,101100,<1H OCEAN
365,-118.23,33.92,32,1735,430,1699,386,1.1793,103800,<1H OCEAN
366,-118.21,33.91,26,2422,632,2601,583,1.7824,110200,<1H OCEAN
367,-118.19,33.91,43,1531,357,1509,376,2.6354,128100,<1H OCEAN
368,-118.19,33.9,32,2762,652,2677,632,2.5719,105600,<1H OCEAN
369,-118.23,33.9,45,1285,238,840,211,3.4107,112500,<1H OCEAN
370,-118.27,33.83,28,2152,415,1623,429,4.35,200500,<1H OCEAN
371,-118.27,33.83,34,1124,245,717,242,3.1667,186900,<1H OCEAN
372,-118.08,33.93,39,859,164,673,172,3.7143,158200,<1H OCEAN
373,-118.12,33.94,33,2394,576,1166,548,2.7317,264700,<1H OCEAN
374,-118.13,33.93,19,1793,447,1222,452,2.6862,195800,<1H OCEAN
375,-118.14,33.91,34,2011,472,1087,423,3.0465,187800,<1H OCEAN
376,-118.09,33.91,34,1582,343,1356,324,3.4211,141100,<1H OCEAN
377,-118.06,33.89,26,2483,412,1538,449,5.1104,220500,<1H OCEAN
378,-118.09,33.9,33,3326,720,2533,689,3.1441,176300,<1H OCEAN
379,-118.12,33.9,38,1222,282,756,256,4.125,173900,<1H OCEAN
380,-118.14,33.89,33,1250,276,866,268,4.1708,175000,<1H OCEAN
381,-118.11,33.87,15,3254,598,1772,618,5.0417,240800,<1H OCEAN
382,-118.12,33.87,21,3764,1081,1919,977,2.5057,156300,<1H OCEAN
383,-118.12,33.88,36,1083,218,557,210,3.0795,218400,<1H OCEAN
384,-118.14,33.87,21,6618,1773,4396,1649,3.0989,171400,<1H OCEAN
385,-118.07,33.86,17,3666,562,2104,579,5.6818,338900,<1H OCEAN
386,-118.07,33.85,16,3771,606,2196,564,7.0113,319700,<1H OCEAN
387,-118.07,33.86,31,2943,518,1703,472,3.7091,225900,<1H OCEAN
388,-118.2,33.79,47,2549,626,1388,606,3.0135,192700,NEAR OCEAN
389,-118.12,33.83,45,1734,331,797,293,4.8917,222800,<1H OCEAN
390,-118.1,33.83,36,1408,250,702,251,4.875,222500,<1H OCEAN
391,-118.1,33.82,36,2422,420,1193,421,4.8462,225700,<1H OCEAN
392,-118.11,33.82,37,1756,345,836,335,4.375,218200,<1H OCEAN
393,-118.12,33.81,37,1798,331,860,340,4.2143,228500,<1H OCEAN
394,-118.11,33.8,36,1837,319,810,305,4.3897,235000,<1H OCEAN
395,-118.13,33.78,31,3039,739,1199,697,3.7232,500001,NEAR OCEAN
396,-118.2,33.79,25,2851,968,3744,906,2.0675,116700,NEAR OCEAN
397,-118.19,33.77,21,2103,727,1064,603,1.6178,137500,NEAR OCEAN
398,-118.17,33.78,44,2364,746,3184,672,1.918,147500,NEAR OCEAN
399,-118.17,33.77,45,2508,797,1340,720,2.6786,191100,NEAR OCEAN
400,-118.16,33.77,29,3078,786,1460,736,2.875,232500,NEAR OCEAN
401,-118.16,33.78,15,4798,1374,3087,1212,2.127,163300,NEAR OCEAN
402,-118.15,33.77,52,2204,498,899,445,4.1765,393900,NEAR OCEAN
403,-118.14,33.76,44,1633,536,741,513,3.385,408300,NEAR OCEAN
404,-118.13,33.77,37,4365,926,1661,868,5.3046,360700,NEAR OCEAN
405,-118.35,33.95,28,4770,1328,3201,1196,2.681,147700,<1H OCEAN
406,-118.37,33.97,21,3616,1060,2515,945,2.7464,153100,<1H OCEAN
407,-118.35,33.93,25,2260,692,1603,673,2.11,223300,<1H OCEAN
408,-118.37,33.92,44,938,181,502,171,4.4722,218300,<1H OCEAN
409,-118.36,33.91,41,2048,439,1191,429,3.8,222500,<1H OCEAN
410,-118.37,33.91,41,1869,427,1334,435,3.9355,227800,<1H OCEAN
411,-118.35,33.91,19,1949,559,1282,498,2.7813,231300,<1H OCEAN
412,-118.35,33.91,25,1884,554,1337,549,2.8512,272800,<1H OCEAN
413,-118.31,33.91,31,1415,339,874,289,3.8173,177900,<1H OCEAN
414,-118.32,33.91,33,1729,396,1073,344,4.2083,180500,<1H OCEAN
415,-118.34,33.9,36,1158,219,628,253,4.7426,242700,<1H OCEAN
416,-118.34,33.89,36,2392,444,1346,445,6.0088,245900,<1H OCEAN
417,-118.36,33.88,25,2845,710,1611,628,3.2049,267400,<1H OCEAN
418,-118.4,33.93,35,2217,447,1000,450,4.7319,376100,<1H OCEAN
419,-118.4,33.88,35,1060,191,444,196,8.0015,500001,<1H OCEAN
420,-118.4,33.87,45,2181,505,965,471,5.3816,500001,<1H OCEAN
421,-118.4,33.85,29,2085,533,919,489,5.6017,430000,<1H OCEAN
422,-118.38,33.85,28,4430,928,2131,885,4.9384,378100,<1H OCEAN
423,-118.38,33.83,35,2152,454,902,414,4.5179,427200,<1H OCEAN
424,-118.35,33.87,37,1420,286,886,290,4.5833,261300,<1H OCEAN
425,-118.35,33.86,24,2139,481,971,418,4.3859,271300,<1H OCEAN
426,-118.34,33.84,36,1561,252,740,253,6.2778,309700,<1H OCEAN
427,-118.37,33.82,36,2416,394,1115,386,6.256,366900,<1H OCEAN
428,-118.37,33.81,36,2031,339,817,337,5.1271,458300,NEAR OCEAN
429,-118.32,33.79,21,6638,1634,3240,1568,3.6797,271100,<1H OCEAN
430,-118.4,33.78,24,4787,562,1653,548,12.9758,500001,NEAR OCEAN
431,-118.37,33.77,26,6339,876,2540,880,10.1447,500001,NEAR OCEAN
432,-118.34,33.76,34,5586,674,1871,636,15.0001,500001,NEAR OCEAN
433,-118.36,34.09,33,3463,1170,1845,1134,2.0205,243800,<1H OCEAN
434,-118.41,34.07,52,1202,142,408,138,15.0001,500001,<1H OCEAN
435,-118.49,34.04,31,4066,951,1532,868,4.8125,500001,<1H OCEAN
436,-118.48,34.04,40,1395,285,610,262,3.9659,500001,<1H OCEAN
437,-118.48,34.02,11,72,16,150,20,2.625,250000,<1H OCEAN
438,-118.51,34,52,1241,502,679,459,2.3098,500001,<1H OCEAN
439,-118.48,34,41,2584,743,1058,668,3.2061,370000,<1H OCEAN
440,-118.48,34.01,40,2198,611,1023,567,3.755,398300,<1H OCEAN
441,-118.39,33.99,32,2612,418,1030,402,6.603,369200,<1H OCEAN
442,-118.42,34.01,42,1700,438,997,436,2.9213,305000,<1H OCEAN
443,-118.42,34,33,1139,299,734,257,3.2708,325000,<1H OCEAN
444,-118.38,33.99,21,11308,3039,5127,2839,4.6277,228300,<1H OCEAN
445,-117.76,34.71,15,2981,625,1694,540,2.9541,106700,INLAND
446,-118.11,34.68,6,7430,1184,3489,1115,5.3267,140100,INLAND
447,-118.14,34.68,33,2815,485,1447,489,4.2679,119600,INLAND
448,-118.15,34.67,5,12317,2953,6291,2654,3.5732,146900,INLAND
449,-118.15,34.71,36,1338,250,709,250,3.5625,101400,INLAND
450,-118.17,34.66,9,1561,253,731,233,5.7049,173200,INLAND
451,-118.32,34.62,31,1398,273,884,299,4.8409,264900,INLAND
452,-118.07,34.58,34,3416,601,1929,567,4.0147,107400,INLAND
453,-118.53,34.45,10,5509,969,3002,959,5.5981,220100,<1H OCEAN
454,-118.49,34.42,23,4166,756,2082,743,4.4107,213400,<1H OCEAN
455,-118.48,34.42,21,1375,259,728,258,5.0166,229000,<1H OCEAN
456,-118.43,34.43,5,21113,4386,9842,3886,4.2037,194600,<1H OCEAN
457,-118.52,34.39,21,5477,1275,3384,1222,3.6625,228100,<1H OCEAN
458,-120.43,36.99,16,1027,199,673,193,2.9688,63800,INLAND
459,-120.05,36.98,16,3705,739,2463,697,2.5288,61800,INLAND
460,-120.06,36.97,35,1859,428,1208,399,1.4044,61700,INLAND
461,-122.56,38.01,21,2144,400,840,398,4.6,239500,NEAR BAY
462,-122.49,37.99,27,5470,755,1916,764,6.994,420800,NEAR BAY
463,-122.5,37.96,16,100,20,45,25,6.1359,212500,NEAR BAY
464,-122.65,38.01,40,1428,280,708,255,5.0766,305400,NEAR OCEAN
465,-122.6,38,21,2198,462,1100,449,4.1098,246600,<1H OCEAN
466,-122.52,37.93,34,2782,502,1219,507,5.0779,333900,NEAR BAY
467,-122.51,37.92,32,2622,541,1022,464,3.7647,375000,NEAR BAY
468,-122.53,37.92,45,1530,324,608,328,3.875,390800,NEAR BAY
469,-122.45,37.9,30,3763,717,1292,632,8.4888,500001,NEAR BAY
470,-122.54,37.9,41,3170,622,1091,528,3.7813,389200,NEAR BAY
471,-122.66,37.93,42,1505,324,553,277,4.1792,350000,NEAR OCEAN
472,-119.82,37.57,13,1713,340,643,241,2.662,92400,INLAND
473,-119.72,37.46,13,1999,375,750,308,2.875,96000,INLAND
474,-123.34,39.5,15,2342,535,1064,433,1.8967,96600,INLAND
475,-123.35,39.4,27,1321,338,779,327,1.85,71800,<1H OCEAN
476,-123.69,38.9,17,2206,478,1140,428,2.1985,95300,NEAR OCEAN
477,-123.16,39.13,33,1320,303,1048,303,1.7813,94700,<1H OCEAN
478,-120.76,37.44,18,2003,398,1333,411,2.7562,90500,INLAND
479,-120.71,37.38,14,1979,432,1756,382,2.6923,71400,INLAND
480,-120.62,37.37,8,2608,428,1530,435,3.968,102100,INLAND
481,-120.62,37.35,20,1457,372,1000,346,1.4615,69200,INLAND
482,-120.55,37.32,21,1410,229,590,205,3.3194,141400,INLAND
483,-118.98,37.65,18,1795,416,483,208,4.5375,169800,INLAND
484,-121.61,36.67,39,3260,821,3130,793,2.5224,119200,<1H OCEAN
485,-121.64,36.82,18,1819,283,919,295,4.1696,222500,<1H OCEAN
486,-121.7,36.67,37,641,129,458,142,3.3456,252600,<1H OCEAN
487,-121.69,36.52,15,4037,586,1596,557,8.0922,390100,<1H OCEAN
488,-121.93,36.63,28,3983,852,1582,778,3.5147,313900,NEAR OCEAN
489,-121.89,36.6,19,656,200,248,173,1.2656,500000,<1H OCEAN
490,-122.29,38.32,23,4312,993,2317,934,2.7667,153200,NEAR BAY
491,-122.3,38.33,15,4741,956,2043,856,4.1862,183600,NEAR BAY
492,-122.26,38.33,34,2048,316,780,267,5.815,339200,NEAR BAY
493,-122.48,38.48,29,2278,397,765,322,4.6379,348200,INLAND
494,-122.4,38.46,33,2542,466,1099,420,4.635,248500,INLAND
495,-122.27,38.53,22,678,137,336,103,4.4,142500,INLAND
496,-121.02,39.27,52,3720,707,1424,609,3.2,155000,INLAND
497,-121,39.26,14,810,151,302,138,3.1094,136100,INLAND
498,-120.15,39.36,9,2254,400,694,243,5.6856,138100,INLAND
499,-117.89,33.92,34,1473,312,1025,315,3.8333,170400,<1H OCEAN
500,-117.9,33.91,26,2885,476,1227,439,4.9524,226600,<1H OCEAN
501,-117.92,33.91,33,2868,382,1204,412,6.1825,336900,<1H OCEAN
502,-117.9,33.9,18,3821,576,1430,568,6.9399,349600,<1H OCEAN
503,-118.1,33.79,36,3359,596,1522,565,5.1805,249400,<1H OCEAN
504,-118.1,33.79,35,2370,379,996,380,5.7368,287200,<1H OCEAN
505,-117.87,33.85,33,45,11,34,10,5.2949,350000,<1H OCEAN
506,-117.82,33.89,24,2168,421,1050,397,4.6172,238300,<1H OCEAN
507,-117.83,33.88,23,2365,355,1209,347,6.0132,259400,<1H OCEAN
508,-117.78,33.87,16,5609,952,2624,934,5.3307,169600,<1H OCEAN
509,-117.76,33.88,9,4838,759,2090,695,6.6536,307800,<1H OCEAN
510,-117.78,33.82,12,6208,750,2443,739,9.1808,413700,<1H OCEAN
511,-117.8,33.78,17,4138,805,2442,780,4.7804,242000,<1H OCEAN
512,-117.62,33.77,43,1911,439,930,433,4.6369,186400,<1H OCEAN
513,-117.67,33.6,25,3164,449,1517,453,6.7921,266000,<1H OCEAN
514,-117.65,33.63,16,3388,425,1395,427,8.4471,351300,<1H OCEAN
515,-117.65,33.59,8,2649,340,1238,354,8.0409,337900,<1H OCEAN
516,-117.67,33.54,15,2423,435,1366,423,4.8906,181800,<1H OCEAN
517,-117.64,33.51,14,1343,175,650,184,7.2648,363200,<1H OCEAN
518,-117.58,33.66,4,3305,644,1693,597,5.2497,215000,<1H OCEAN
519,-117.6,33.41,29,2193,389,922,387,4.5476,309200,NEAR OCEAN
520,-117.62,33.43,23,4052,955,1950,859,4.0647,240600,NEAR OCEAN
521,-117.66,33.5,16,1956,346,862,326,4.4732,186300,<1H OCEAN
522,-117.7,33.68,29,5650,1084,3985,1056,2.8192,162500,<1H OCEAN
523,-117.69,33.65,16,5805,852,2356,795,6.1062,274600,<1H OCEAN
524,-117.82,33.68,3,3068,494,1357,486,7.9187,333600,<1H OCEAN
525,-117.83,33.68,4,3226,838,1666,800,4.1652,184500,<1H OCEAN
526,-117.8,33.7,5,1549,378,735,355,5.2923,194000,<1H OCEAN
527,-117.77,33.54,47,3090,652,1105,582,4.1699,373700,<1H OCEAN
528,-117.72,33.61,26,2653,621,774,584,2.49,81100,<1H OCEAN
529,-117.84,33.65,4,1649,456,1030,411,2.2262,225000,<1H OCEAN
530,-117.83,33.65,9,638,266,426,234,3.7875,187500,<1H OCEAN
531,-117.89,33.66,32,2736,550,1279,534,5.5422,253100,<1H OCEAN
532,-117.9,33.65,30,1634,373,771,364,3.4125,284100,<1H OCEAN
533,-117.92,33.61,18,1538,425,425,288,5.3369,312500,<1H OCEAN
534,-117.93,33.62,33,1890,416,859,329,4.5658,500001,<1H OCEAN
535,-117.9,33.69,13,9947,1675,4071,1582,5.422,316600,<1H OCEAN
536,-117.86,33.71,21,1795,406,2246,400,3.152,152800,<1H OCEAN
537,-117.87,33.7,21,3648,654,2266,628,5.0956,246000,<1H OCEAN
538,-117.85,33.75,27,2311,632,2936,609,2.5651,171400,<1H OCEAN
539,-117.86,33.74,9,525,171,1257,165,3.375,165300,<1H OCEAN
540,-117.88,33.74,31,1120,296,1718,268,2.8077,140300,<1H OCEAN
541,-117.83,33.75,34,2660,601,1475,567,3.4152,210200,<1H OCEAN
542,-117.8,33.74,30,3569,551,1540,537,5.2998,247200,<1H OCEAN
543,-117.79,33.75,26,2893,345,983,326,13.466,500001,<1H OCEAN
544,-117.81,33.83,8,7326,884,2569,798,10.157,477100,<1H OCEAN
545,-117.83,33.8,30,4713,758,2271,730,5.8622,221000,<1H OCEAN
546,-117.81,33.79,23,3114,610,2045,577,3.75,211900,<1H OCEAN
547,-117.82,33.78,28,4485,667,2048,685,5.4562,274700,<1H OCEAN
548,-117.83,33.82,23,1100,285,940,267,3.6953,150000,<1H OCEAN
549,-117.87,33.83,27,2287,,1140,351,5.6163,231000,<1H OCEAN
550,-117.91,33.84,29,1570,482,1849,430,2.6563,162500,<1H OCEAN
551,-118,33.83,26,1718,385,1022,368,3.9333,196100,<1H OCEAN
552,-117.99,33.82,33,2342,475,1367,509,4.1167,215500,<1H OCEAN
553,-117.98,33.83,17,3419,932,2460,766,3.2823,228500,<1H OCEAN
554,-117.91,33.84,26,1156,393,1880,400,2.2716,350000,<1H OCEAN
555,-117.91,33.82,32,2696,640,2330,626,2.9479,184600,<1H OCEAN
556,-117.95,33.82,35,1117,181,496,168,4.3269,224700,<1H OCEAN
557,-117.99,33.81,42,161,40,157,50,2.2,153100,<1H OCEAN
558,-117.95,33.8,34,1654,285,905,292,4.6389,214600,<1H OCEAN
559,-117.91,33.78,33,2729,549,2223,535,4.0362,177900,<1H OCEAN
560,-117.92,33.77,28,3614,960,3282,889,3.522,190300,<1H OCEAN
561,-117.91,33.78,26,4297,1037,3596,967,3.045,184000,<1H OCEAN
562,-117.94,33.77,32,714,142,654,154,4.5052,170800,<1H OCEAN
563,-117.95,33.75,24,2027,358,1405,341,5.1416,231400,<1H OCEAN
564,-117.95,33.74,25,1393,243,976,245,5.4485,225200,<1H OCEAN
565,-117.99,33.71,19,1967,487,1251,404,3.6696,218800,<1H OCEAN
566,-117.96,33.68,26,1374,234,731,244,6.0905,224800,<1H OCEAN
567,-117.96,33.65,21,2030,318,910,311,7.8453,343300,<1H OCEAN
568,-117.98,33.72,24,2826,547,1738,546,6.0494,240400,<1H OCEAN
569,-118.07,33.67,13,5126,711,2429,718,9.5268,437900,NEAR OCEAN
570,-118.1,33.74,31,1310,342,563,310,4.6528,457100,NEAR OCEAN
571,-118.02,33.75,26,2989,479,1596,475,5.7157,231200,<1H OCEAN
572,-117.98,33.75,24,3865,802,2670,772,3.8158,180000,<1H OCEAN
573,-117.99,33.73,17,5239,1045,2440,985,4.375,248100,<1H OCEAN
574,-117.98,33.76,24,1880,405,967,418,4.4545,192500,<1H OCEAN
575,-118.03,33.77,21,3803,898,1511,829,3,221200,<1H OCEAN
576,-118.03,33.77,24,3810,579,1818,590,5.8053,255900,<1H OCEAN
577,-118.06,33.83,21,3941,655,1897,670,4.88,343900,<1H OCEAN
578,-118.06,33.82,24,3983,675,1568,638,4.6458,213400,<1H OCEAN
579,-118.02,33.83,26,3616,892,2257,821,3.1497,217600,<1H OCEAN
580,-118.03,33.85,23,5495,1141,2873,1004,3.9156,224100,<1H OCEAN
581,-117.99,33.86,20,3540,906,2898,876,3.0252,178000,<1H OCEAN
582,-117.99,33.87,17,2334,537,1662,535,3.0147,217000,<1H OCEAN
583,-120.02,39.24,32,1347,444,825,303,1.8269,225000,INLAND
584,-121.15,38.89,20,2024,313,879,309,5.2903,239400,INLAND
585,-121.18,38.75,16,2807,459,1201,429,4.7941,247600,INLAND
586,-121.26,38.74,22,7173,1314,3526,1316,3.3941,135900,INLAND
587,-121.27,38.75,21,4812,1117,1985,1045,2.5083,128500,INLAND
588,-121.3,38.73,9,5558,1099,2717,1043,3.6455,139200,INLAND
589,-121.31,38.75,7,4185,750,2147,706,4.0519,129200,INLAND
590,-121.3,38.75,36,3903,885,2313,804,2.655,86300,INLAND
591,-121.23,38.79,45,907,176,463,190,2.2292,92000,INLAND
592,-121.18,38.83,15,4488,859,2114,805,2.9484,124400,INLAND
593,-121.27,38.87,16,2094,358,1092,357,4.4769,191400,INLAND
594,-121.32,38.89,9,5927,1269,3369,1176,2.8194,111300,INLAND
595,-120.98,38.99,17,3403,661,1540,622,3.6354,162900,INLAND
596,-121.04,39,21,4059,730,1874,693,4.8051,174300,
597,-120.98,39.08,20,4570,906,2125,815,3.0403,148000,INLAND
598,-120.71,40.13,19,897,180,276,110,2.9554,89400,INLAND
599,-121.15,40.25,14,5156,880,616,281,3.3462,145200,INLAND
600,-117.38,33.98,10,642,176,462,186,2.1528,162500,INLAND
601,-117.44,33.9,23,4487,754,2609,778,4.2788,148700,INLAND
602,-117.43,34.02,33,3084,570,1753,449,3.05,97800,INLAND
603,-117.51,33.97,35,352,62,184,57,3.6691,137500,INLAND
604,-117.48,33.89,14,10395,1799,6295,1855,4.7295,149900,INLAND
605,-117.48,33.91,22,3611,666,1869,649,4.2207,141100,INLAND
606,-117.58,33.89,14,1731,404,1269,351,2.3654,107900,INLAND
607,-117.57,33.87,27,1786,287,939,278,5.1929,165000,INLAND
608,-117.58,33.87,30,701,131,356,125,3.2917,144300,INLAND
609,-117.53,33.83,7,2191,324,1156,310,5.5362,195600,INLAND
610,-117.06,33.78,17,2813,565,1345,488,2.5847,145300,INLAND
611,-117.24,33.77,9,6907,1379,3665,1290,2.8401,104200,INLAND
612,-117.27,33.77,16,2876,576,1859,545,2.0878,101300,<1H OCEAN
613,-117.29,33.63,7,16010,2726,7139,2426,3.8056,162200,<1H OCEAN
614,-117.1,33.56,6,1868,289,750,247,4.3833,307600,<1H OCEAN
615,-116.95,33.79,8,10997,2205,5060,1949,2.1979,95300,INLAND
616,-116.96,33.79,21,2990,691,2108,660,2.0135,83000,INLAND
617,-116.88,33.74,20,3111,623,1000,508,1.5982,140000,INLAND
618,-116.89,33.75,23,2719,538,930,485,2.0154,81700,INLAND
619,-116.36,33.88,11,12557,3098,2453,1232,1.7844,78500,INLAND
620,-116.53,33.84,28,8399,1839,3470,1340,2.5885,159000,INLAND
621,-116.26,33.72,10,9404,1827,3208,1283,3.1086,105800,INLAND
622,-116.21,33.75,22,894,,830,202,3.0673,68200,INLAND
623,-116.17,33.53,13,1713,512,1978,442,2.1287,58600,INLAND
624,-115.84,33.49,20,1660,379,637,250,2.0347,68900,INLAND
625,-116.17,33.67,18,3585,800,3873,788,2.5714,65900,INLAND
626,-121.49,38.58,52,2151,664,1146,603,1.4034,90300,INLAND
627,-121.49,38.56,42,900,239,506,231,1.2813,87500,INLAND
628,-121.5,38.57,45,858,254,510,200,1.0114,80000,INLAND
629,-121.48,38.55,52,2037,358,811,375,4.3929,162500,INLAND
630,-121.47,38.55,24,979,287,546,291,1.186,67000,INLAND
631,-121.46,38.55,40,2077,435,1454,385,2.0074,57000,INLAND
632,-121.47,38.53,44,543,146,506,125,1.3646,65400,INLAND
633,-121.47,38.5,17,1895,424,620,417,1.7188,137500,INLAND
634,-121.41,38.57,16,4429,1124,1538,960,3.2443,190700,INLAND
635,-121.37,38.63,32,3658,797,1452,715,2.6623,120700,INLAND
636,-121.38,38.62,34,2352,610,1127,592,2.2,116500,INLAND
637,-121.42,38.64,44,1728,367,1042,349,1.6033,58500,INLAND
638,-121.44,38.65,28,1219,240,559,212,3.8295,122200,INLAND
639,-121.46,38.61,43,1111,269,613,290,1.2917,66300,INLAND
640,-121.51,38.69,28,800,149,450,158,2.1029,108600,INLAND
641,-121.59,38.69,32,541,82,229,98,8.0379,383300,INLAND
642,-121.44,38.71,25,2336,406,1172,408,3.5129,101200,INLAND
643,-121.44,38.68,19,2476,534,1355,463,2.0625,94400,INLAND
644,-121.34,38.64,12,2772,578,1335,565,3.8068,161000,INLAND
645,-121.34,38.63,13,3033,540,1363,519,4.0036,161700,INLAND
646,-121.32,38.62,33,898,190,470,201,2.6897,148300,INLAND
647,-121.31,38.66,27,1713,282,761,295,5.2081,136400,INLAND
648,-121.31,38.65,21,2759,409,1053,374,5.5,165700,INLAND
649,-121.24,38.64,13,4491,689,1657,667,5.259,249400,INLAND
650,-121.3,38.71,17,5434,1106,2755,1047,2.8226,99900,INLAND
651,-121.3,38.69,13,2135,429,779,432,3.6995,134900,INLAND
652,-121.23,38.71,18,4947,714,2227,675,4.8542,170500,INLAND
653,-121.2,38.67,10,3875,668,1632,593,4.6902,171000,INLAND
654,-121.13,38.47,16,2574,441,1041,428,3.6645,203400,INLAND
655,-121.32,38.56,18,1169,186,614,192,4.5766,108700,INLAND
656,-121.37,38.57,16,3895,896,1762,855,2.6635,135800,INLAND
657,-121.22,38.4,14,2655,441,1277,422,4.6989,213800,INLAND
658,-121.44,38.46,10,4446,897,2499,884,3.5461,103600,INLAND
659,-121.54,38.29,47,1396,254,630,218,2.8616,92500,INLAND
660,-121.7,38.1,19,4896,1083,2150,905,3.3398,89700,INLAND
661,-121.5,36.81,20,1345,230,731,217,4.2333,363300,INLAND
662,-121.41,36.84,23,1771,356,1105,338,3.7049,192200,INLAND
663,-117.71,34.06,27,2127,628,1970,534,1.4722,91300,INLAND
664,-117.68,34.05,25,1859,463,1070,374,2.5395,187500,INLAND
665,-117.69,34.03,20,6374,1412,3690,1350,3.4184,162500,INLAND
666,-117.64,34.15,16,2896,404,1165,379,6.4559,392900,INLAND
667,-117.68,34.04,27,574,103,321,103,3.9107,186500,INLAND
668,-117.62,34.02,9,4265,587,2280,589,5.5632,195100,INLAND
669,-117.57,34.15,3,12806,2219,4249,1499,5.485,343100,INLAND
670,-117.51,34.16,2,718,98,119,50,4.1,315000,INLAND
671,-117.58,34.1,4,6360,1584,3359,1396,3.5186,127800,INLAND
672,-117.47,34.07,24,1017,227,568,187,1.5972,112500,INLAND
673,-117.49,34.05,20,1483,249,660,194,3.9464,207700,INLAND
674,-117.42,34.11,25,4261,893,2319,702,3.3958,111900,INLAND
675,-117.39,34.07,15,1966,331,1118,323,3.8558,122700,INLAND
676,-117.36,34.11,35,2969,521,1555,503,3.25,107100,INLAND
677,-117.33,34.12,38,1703,385,1356,363,2.0391,70400,INLAND
678,-117.35,34.09,14,5983,1224,3255,1150,2.5902,111500,INLAND
679,-117.34,34.18,7,2914,481,1584,499,4.6312,124900,INLAND
680,-117.29,34.14,39,1989,401,805,341,2.425,90000,INLAND
681,-117.31,34.04,5,2785,577,1310,536,3.39,149500,INLAND
682,-117.32,34.03,13,3853,761,1685,669,3.9024,122400,INLAND
683,-117.05,34.03,28,3009,698,1200,626,1.3993,104600,INLAND
684,-117.55,34.25,39,1578,317,872,322,4.555,153100,INLAND
685,-117.01,34.9,36,2181,555,1404,492,2.3077,55500,INLAND
686,-117.3,34.39,11,3572,592,1876,507,3.6615,105100,INLAND
687,-116.31,34.13,20,2352,556,1217,481,1.6063,55400,INLAND
688,-116.4,34.12,16,5648,1089,2524,1008,2.6739,78000,INLAND
689,-117.21,34.28,16,3326,569,527,192,5.7421,167600,INLAND
690,-116.86,34.24,19,5411,1042,441,185,3.1324,132000,INLAND
691,-116.98,34.07,21,739,125,199,82,4.8958,117500,INLAND
692,-117.19,34.94,31,2034,444,1097,367,2.1522,60800,INLAND
693,-117,34.87,16,6862,1292,3562,1126,3.6091,87200,INLAND
694,-117.16,32.75,23,2474,594,1107,536,2.9705,245500,NEAR OCEAN
695,-117.14,32.75,25,1908,513,956,467,2.4828,133300,NEAR OCEAN
696,-117.13,32.76,29,2568,682,1191,642,2.1094,162500,NEAR OCEAN
697,-117.13,32.76,41,1545,420,747,415,2.375,154400,NEAR OCEAN
698,-117.13,32.76,27,2280,695,1235,664,1.9392,142900,NEAR OCEAN
699,-117.12,32.76,41,1469,421,803,395,2.1856,120500,NEAR OCEAN
700,-117.09,32.75,24,1245,376,1230,362,1.875,95000,NEAR OCEAN
701,-117.08,32.74,33,3260,673,1784,666,3.5078,126500,NEAR OCEAN
702,-117.05,32.77,33,3535,683,1568,672,2.8097,158300,NEAR OCEAN
703,-117.08,32.71,27,2204,598,1656,521,1.4821,86200,NEAR OCEAN
704,-117.13,32.7,38,1445,392,1286,357,1.4632,80200,NEAR OCEAN
705,-117.14,32.71,52,800,313,1337,282,1.5594,87500,NEAR OCEAN
706,-117.14,32.7,43,1126,289,1132,294,2.1875,87000,NEAR OCEAN
707,-117.16,32.73,52,1218,471,821,429,1.9597,200000,NEAR OCEAN
708,-117.17,32.73,52,408,143,313,143,1.815,116700,NEAR OCEAN
709,-117.16,32.74,43,1437,406,692,379,3.1979,466700,NEAR OCEAN
710,-117.23,32.73,44,1168,263,509,256,2.7273,269700,NEAR OCEAN
711,-117.28,32.73,44,1934,325,783,316,4.8684,358600,NEAR OCEAN
712,-117.23,32.75,21,2050,608,1131,550,2.4779,165000,NEAR OCEAN
713,-117.24,32.75,36,2831,669,1279,660,2.9896,252700,NEAR OCEAN
714,-117.25,32.78,21,1479,484,658,384,2.45,350000,NEAR OCEAN
715,-117.29,32.81,35,1878,308,598,257,6.9553,500001,NEAR OCEAN
716,-117.21,32.85,15,2593,521,901,456,4.2065,277800,NEAR OCEAN
717,-117.24,32.85,18,3117,475,904,368,6.7587,388500,NEAR OCEAN
718,-117.23,32.87,11,3123,740,1223,634,5.417,196800,NEAR OCEAN
719,-117.21,32.86,16,2800,566,1267,518,3.2794,148600,NEAR OCEAN
720,-117.13,32.91,16,2715,581,1619,584,4,154700,<1H OCEAN
721,-117.14,32.96,12,5949,799,2936,781,6.3721,241500,<1H OCEAN
722,-117.21,32.83,28,3241,533,1334,513,4.1806,199600,NEAR OCEAN
723,-117.19,32.83,30,3225,555,1601,532,4.3317,173300,NEAR OCEAN
724,-117.17,32.81,26,788,127,346,125,5.0603,185700,NEAR OCEAN
725,-117.17,32.81,33,3064,506,1355,488,4.22,178700,NEAR OCEAN
726,-117.18,32.8,30,2456,390,1022,393,3.8542,198500,NEAR OCEAN
727,-117.15,32.8,23,2395,476,2284,488,3.7292,146300,NEAR OCEAN
728,-117.19,32.77,30,2747,640,3185,657,3.765,238000,NEAR OCEAN
729,-117.08,32.82,16,1787,236,770,228,7.1298,278600,<1H OCEAN
730,-117.05,32.81,17,1885,292,771,301,5.6402,228600,<1H OCEAN
731,-117.05,32.8,25,1905,250,865,253,6.4797,249000,<1H OCEAN
732,-117.02,32.8,27,2369,370,927,374,4.1162,177200,<1H OCEAN
733,-117.03,32.82,16,1765,289,743,280,4.9744,209700,<1H OCEAN
734,-117.06,32.56,17,2803,683,2768,676,1.7958,140400,NEAR OCEAN
735,-117.1,32.58,29,1061,202,759,206,4.8646,136800,NEAR OCEAN
736,-117.09,32.65,25,3509,985,2359,899,2.6296,150000,NEAR OCEAN
737,-117.11,32.62,27,1846,509,1078,482,2.1719,131500,NEAR OCEAN
738,-117.06,32.61,24,4369,1353,3123,1247,2.0571,152300,NEAR OCEAN
739,-117.04,32.62,27,1710,282,1089,297,4.6793,151900,NEAR OCEAN
740,-117.03,32.61,22,1028,148,523,152,6.0086,166900,NEAR OCEAN
741,-117.02,32.66,19,771,,376,108,6.6272,273600,NEAR OCEAN
742,-116.97,32.76,26,2460,313,838,299,5.9878,270700,<1H OCEAN
743,-116.99,32.7,15,3660,622,2629,612,4.0444,150100,NEAR OCEAN
744,-117.04,32.75,36,2297,418,1070,392,3.5192,144000,NEAR OCEAN
745,-117.01,32.76,22,3626,824,1800,769,2.8594,189600,<1H OCEAN
746,-116.95,32.81,15,2619,599,1513,537,2.543,100000,<1H OCEAN
747,-116.88,32.86,9,3049,471,1527,515,5.0733,196600,<1H OCEAN
748,-117.05,32.96,18,3593,661,1992,626,4.8295,165800,<1H OCEAN
749,-117.07,33.02,17,2863,665,715,467,2.6048,148200,<1H OCEAN
750,-117.11,32.91,15,1840,235,855,241,7.5992,310600,<1H OCEAN
751,-117.08,32.91,16,1653,228,690,224,6.5853,248400,<1H OCEAN
752,-117.07,33.01,5,5870,977,1917,842,5.1998,294100,<1H OCEAN
753,-117.09,32.98,23,1125,273,687,308,2.3182,268800,<1H OCEAN
754,-117.26,33.05,14,2323,373,1057,372,6.2513,240900,NEAR OCEAN
755,-117.3,32.96,30,1226,205,380,151,4.2875,500001,NEAR OCEAN
756,-117.26,32.99,16,2127,512,1532,499,2.7348,231300,NEAR OCEAN
757,-117.31,32.98,17,2789,648,849,345,4.1012,244700,NEAR OCEAN
758,-117.34,33.21,12,5963,1372,3015,1124,2.7386,216100,NEAR OCEAN
759,-117.32,33.22,15,4784,1039,1810,986,2.4375,108900,NEAR OCEAN
760,-117.27,33.22,5,2283,337,999,325,5.0249,196700,<1H OCEAN
761,-117.28,33.19,5,2697,639,1633,580,3.4456,165800,NEAR OCEAN
762,-117.23,33.2,29,3372,720,1770,693,3.5109,166000,<1H OCEAN
763,-117.21,33.19,21,3765,612,1722,593,4.8152,218500,<1H OCEAN
764,-117.14,33.15,17,1149,182,702,192,5.5696,168400,<1H OCEAN
765,-117.13,33.14,5,2618,539,1320,512,4.1053,171400,<1H OCEAN
766,-117.12,33.14,16,1710,272,1025,267,4.1641,163600,<1H OCEAN
767,-117.23,33.1,4,1862,291,685,248,7.745,237400,NEAR OCEAN
768,-117.08,33.09,23,3792,624,1988,658,4.7566,178300,<1H OCEAN
769,-117.07,33.11,31,2055,473,1326,427,3.0915,139900,<1H OCEAN
770,-117.04,33.09,16,4677,581,1902,566,6.1834,335600,<1H OCEAN
771,-116.78,33,7,12480,1946,5102,1697,5.5102,221000,<1H OCEAN
772,-116.32,33.28,19,1791,367,327,185,3.3625,100000,INLAND
773,-122.41,37.8,30,1821,738,1648,684,0.8836,450000,NEAR BAY
774,-122.42,37.8,52,2797,685,1156,651,4.3472,500001,NEAR BAY
775,-122.45,37.79,52,1457,215,495,208,10.7097,500001,NEAR BAY
776,-122.46,37.79,52,899,96,304,110,14.2959,500001,NEAR BAY
777,-122.46,37.79,52,2106,373,743,348,5.2909,500001,NEAR BAY
778,-122.41,37.77,52,1963,565,1628,524,2.6083,193800,NEAR BAY
779,-122.42,37.76,52,1494,610,1630,590,1.65,265000,NEAR BAY
780,-122.4,37.76,52,1185,246,480,253,4.4074,277300,NEAR BAY
781,-122.39,37.74,42,4110,846,2147,674,2.5694,201000,NEAR BAY
782,-122.41,37.74,48,409,86,148,70,3.6687,335000,NEAR BAY
783,-122.42,37.74,52,1271,353,1076,324,2.9911,263900,NEAR BAY
784,-122.42,37.73,46,1819,411,1534,406,4.0132,229400,NEAR BAY
785,-122.43,37.73,52,3602,738,2270,647,3.8934,251800,NEAR BAY
786,-122.44,37.72,48,2675,585,1773,540,3.9565,268500,NEAR BAY
787,-122.45,37.77,52,2602,,1330,647,3.5435,278600,NEAR BAY
788,-122.47,37.76,39,3200,689,1391,618,3.6346,338000,NEAR BAY
789,-122.47,37.76,48,2464,459,1179,458,4.4946,358600,NEAR BAY
790,-122.46,37.73,52,2673,349,876,338,7.8476,500001,NEAR BAY
791,-122.48,37.75,52,2074,401,1136,409,4.7703,331000,NEAR BAY
792,-122.48,37.73,52,1597,240,566,231,5.1681,500001,NEAR OCEAN
793,-122.5,37.75,45,1620,,941,328,4.3859,270200,NEAR OCEAN
794,-122.54,37.74,42,2006,415,1230,435,4.1786,271100,NEAR OCEAN
795,-122.49,37.78,52,3440,722,1663,665,3.0278,356300,NEAR BAY
796,-122.55,37.79,32,2131,625,1229,572,2.9201,322200,NEAR OCEAN
797,-121.29,37.96,52,287,119,154,85,0.8738,75000,INLAND
798,-121.32,37.97,46,2270,427,1097,453,3.3235,87800,INLAND
799,-121.29,37.97,52,2995,555,1392,503,1.7794,98800,INLAND
800,-121.29,37.99,30,1271,528,2019,524,1.5152,81300,INLAND
801,-121.28,38.14,38,2803,500,1223,509,4.119,128800,INLAND
802,-121.29,38.13,20,3168,514,1390,490,5,154800,INLAND
803,-121.25,38.13,25,1305,270,789,235,3.2993,91100,INLAND
804,-120.32,37.91,16,108,18,54,22,4.375,100000,INLAND
805,-120.35,37.86,25,287,57,118,50,2.3056,162500,INLAND
806,-121.19,38.13,27,2400,435,1085,444,3.7687,165200,INLAND
807,-121.12,37.73,35,1107,227,573,210,2.3924,102200,INLAND
808,-121.11,37.74,11,3886,599,1605,529,4.4213,182700,INLAND
809,-121.21,37.81,8,1883,298,999,301,5.193,172100,INLAND
810,-121.17,37.82,35,2506,406,1316,398,3.8472,197600,INLAND
811,-121.23,37.82,14,1847,325,1030,309,4.9271,155300,INLAND
812,-120.9,35.69,14,5020,909,2105,796,3.8158,248700,<1H OCEAN
813,-120.83,35.33,14,4155,787,2112,755,4.4766,192700,NEAR OCEAN
814,-120.65,35.32,20,626,212,3574,261,1.0298,300000,NEAR OCEAN
815,-120.7,35.28,14,3768,682,1884,664,4.6071,239900,NEAR OCEAN
816,-120.64,35.15,7,7922,1442,2863,1197,4.849,275000,<1H OCEAN
817,-120.66,35.1,19,1583,392,704,269,2.1042,268300,<1H OCEAN
818,-122.48,37.7,33,4167,1398,2923,1314,3.049,307000,NEAR OCEAN
819,-122.48,37.71,39,3615,632,1571,615,5.1149,314200,NEAR OCEAN
820,-122.53,37.63,27,2589,658,1386,608,2.9087,228200,NEAR OCEAN
821,-122.46,37.63,22,6728,1382,3783,1310,5.0479,280400,NEAR OCEAN
822,-122.39,37.59,32,4497,,1846,715,6.1323,500001,NEAR OCEAN
823,-122.34,37.57,52,2635,408,967,374,7.0422,500001,NEAR OCEAN
824,-122.29,37.53,41,839,190,419,215,5.012,368200,NEAR OCEAN
825,-122.24,37.48,40,4459,1027,2080,982,3.5322,361900,NEAR OCEAN
826,-122.17,37.45,33,1828,396,766,378,4.4531,500001,NEAR BAY
827,-122.19,37.43,39,2392,420,937,406,6.6136,472800,NEAR OCEAN
828,-122.27,37.43,33,1601,223,629,215,15.0001,500001,NEAR OCEAN
829,-119.66,34.44,26,2790,413,1014,397,6.5631,500001,<1H OCEAN
830,-119.7,34.42,41,725,239,582,214,3.1667,362500,<1H OCEAN
831,-119.69,34.42,52,302,112,392,114,2.5978,258300,<1H OCEAN
832,-119.74,34.43,26,3119,562,1459,562,5.0434,340400,NEAR OCEAN
833,-119.72,34.41,26,1648,378,954,405,3.2895,335000,NEAR OCEAN
834,-119.52,34.41,20,4489,800,2867,765,4.806,279700,<1H OCEAN
835,-119.51,34.46,28,3506,563,1362,483,6.091,500001,<1H OCEAN
836,-120.4,34.95,8,1885,286,835,290,5.0206,261000,<1H OCEAN
837,-120.45,34.95,32,1574,447,1772,463,1.8625,90200,<1H OCEAN
838,-120.44,34.95,38,3004,794,2601,747,2.2743,106400,<1H OCEAN
839,-120.45,34.95,10,2207,644,2232,543,2.375,98500,<1H OCEAN
840,-120.44,34.94,29,1877,516,1634,492,1.6875,122700,<1H OCEAN
841,-120.45,34.64,40,1051,235,574,201,2.0865,111500,NEAR OCEAN
842,-120.45,34.65,21,1182,243,733,251,3.1442,131600,NEAR OCEAN
843,-120.48,34.66,4,1897,331,915,336,4.1563,172600,NEAR OCEAN
844,-120.43,34.69,33,2054,373,1067,358,3.6023,128300,NEAR OCEAN
845,-119.82,34.44,22,2239,475,1016,434,4.875,295400,NEAR OCEAN
846,-119.1,34.31,21,2424,527,1379,484,2.6786,184000,<1H OCEAN
847,-119.04,34.34,35,462,90,334,96,5.3582,281300,<1H OCEAN
848,-121.87,37.34,39,2479,541,1990,506,2.4306,289100,<1H OCEAN
849,-121.91,37.32,42,1067,256,608,280,3.0096,180800,<1H OCEAN
850,-121.94,37.31,5,2364,578,1102,502,5.2642,246400,<1H OCEAN
851,-121.9,37.3,52,1456,269,582,277,5.036,296600,<1H OCEAN
852,-121.87,37.28,21,3305,749,2459,701,3.9688,249600,<1H OCEAN
853,-121.85,37.28,17,4208,954,1476,904,2.3971,87500,<1H OCEAN
854,-121.82,37.29,16,2085,394,1705,391,5.0225,222800,<1H OCEAN
855,-121.79,37.33,13,2978,505,1794,485,6.6813,277800,<1H OCEAN
856,-121.79,37.3,10,5469,950,3083,906,5.9399,241900,<1H OCEAN
857,-121.74,37.29,6,7292,1295,2468,1262,5.6411,294700,<1H OCEAN
858,-121.86,37.37,15,8162,2124,8793,2086,3.3306,210300,<1H OCEAN
859,-121.97,37.35,36,815,126,353,122,6.3191,258300,<1H OCEAN
860,-121.97,37.36,36,765,134,306,136,4.575,247600,<1H OCEAN
861,-121.96,37.33,35,2294,411,1054,449,4.0667,276900,<1H OCEAN
862,-121.96,37.34,36,844,153,373,160,5.791,254100,<1H OCEAN
863,-121.96,37.31,31,3890,711,1898,717,5.2534,290900,<1H OCEAN
864,-121.95,37.28,19,7027,1847,3759,1753,3.1509,242900,<1H OCEAN
865,-121.95,37.25,30,3298,634,1532,602,5.0863,332000,<1H OCEAN
866,-121.91,37.23,22,2614,453,1240,462,6.0712,271800,<1H OCEAN
867,-121.99,37.27,21,1214,192,500,185,7.598,347800,<1H OCEAN
868,-122.06,37.33,29,1945,269,826,275,8.248,498800,<1H OCEAN
869,-122.08,37.3,30,2268,404,1197,372,7.0813,485300,<1H OCEAN
870,-122.03,37.35,16,1156,198,455,216,7.2779,292900,<1H OCEAN
871,-122.04,37.35,28,1582,264,696,270,5.678,370100,<1H OCEAN
872,-122.04,37.37,23,5135,911,2351,863,5.2319,430100,<1H OCEAN
873,-122.02,37.37,8,5686,1489,3250,1329,4.2782,327700,<1H OCEAN
874,-122.05,37.39,25,347,82,148,77,4.4531,350000,<1H OCEAN
875,-122.06,37.39,22,1236,290,413,274,3.6875,40000,NEAR BAY
876,-122.06,37.37,18,3058,661,1377,675,6.1299,500001,<1H OCEAN
877,-122.07,37.39,19,1465,342,646,345,4.712,289300,NEAR BAY
878,-122.1,37.41,33,6277,1274,3025,1211,5.4721,343300,NEAR BAY
879,-122.07,37.35,35,1447,205,619,206,9.8144,500001,<1H OCEAN
880,-122.08,37.35,35,1347,207,548,189,7.7068,500001,NEAR BAY
881,-122.14,37.41,35,2419,426,949,433,6.4588,437100,NEAR BAY
882,-122.11,37.42,32,3058,595,1267,540,6.4949,417800,NEAR BAY
883,-122.15,37.35,23,3814,485,1344,464,12.9792,500001,NEAR BAY
884,-121.9,37.24,24,7521,1364,3970,1318,4.4004,255800,<1H OCEAN
885,-121.87,37.22,17,2825,365,1052,345,8.0595,485000,<1H OCEAN
886,-121.88,37.24,14,7174,950,2782,899,8.3065,394200,<1H OCEAN
887,-121.83,37.28,17,3057,606,2030,602,5.2166,230900,<1H OCEAN
888,-121.83,37.27,8,4454,1058,2595,1027,4.5615,282600,<1H OCEAN
889,-121.65,37.12,14,4721,999,2648,888,3.6895,239300,<1H OCEAN
890,-121.59,37.01,16,6637,1171,3575,1162,4.3227,251500,INLAND
891,-122,36.97,30,1029,242,753,249,3.1205,240500,NEAR OCEAN
892,-122.02,37.01,20,1005,138,345,129,10.0968,500001,NEAR OCEAN
893,-121.93,37.04,36,1522,230,677,206,5.8642,363500,<1H OCEAN
894,-121.94,36.97,31,1738,422,746,355,2.5172,330800,NEAR OCEAN
895,-122.32,40.58,2,1937,350,756,274,3,114200,INLAND
896,-122.33,40.57,16,2777,503,1432,500,2.5592,75900,INLAND
897,-122.25,40.66,15,2771,546,1423,505,3.6413,108500,INLAND
898,-122.24,40.51,23,2216,378,1006,338,4.559,116800,INLAND
899,-122.24,40.45,27,1804,321,782,300,3.5978,80600,INLAND
900,-122.33,40.47,30,2502,523,1296,481,2.125,66100,INLAND
901,-120.24,39.67,52,296,63,143,56,3.625,68600,INLAND
902,-121.62,41.78,40,3272,663,1467,553,1.7885,43500,INLAND
903,-122.64,41.63,19,2722,479,1108,430,3.1062,100000,INLAND
904,-123.08,41.26,34,2773,679,1066,424,1.6757,63300,INLAND
905,-122.45,41.28,15,2740,503,1188,445,3.4519,128800,INLAND
906,-122.07,38.41,17,3053,595,1434,557,3.4741,245800,INLAND
907,-121.92,38.34,2,7747,1133,3481,1083,6.1112,181000,INLAND
908,-121.96,38.32,12,5127,998,2749,976,4.0458,130600,INLAND
909,-121.76,38.41,19,686,107,348,109,3.9306,93800,INLAND
910,-122.58,38.38,27,3800,728,1587,605,4.7237,306600,<1H OCEAN
911,-122.63,38.22,34,878,160,372,167,4.0417,232100,<1H OCEAN
912,-122.73,38.26,35,3941,645,1668,620,4.385,317700,<1H OCEAN
913,-122.69,38.32,15,2536,414,1400,426,5.6613,172400,<1H OCEAN
914,-122.7,38.34,19,2987,676,1782,688,2.8261,154500,<1H OCEAN
915,-122.63,38.34,15,2153,345,979,335,5.1966,325400,<1H OCEAN
916,-122.68,38.36,8,7520,1336,3833,1287,4.3278,184100,<1H OCEAN
917,-122.58,38.46,15,2936,517,1182,501,3.3981,246900,<1H OCEAN
918,-122.66,38.46,14,2364,631,1300,625,2.6023,221100,<1H OCEAN
919,-122.69,38.45,36,1943,337,711,318,3.9191,183000,<1H OCEAN
920,-122.68,38.48,15,1575,262,716,259,5.3409,244600,<1H OCEAN
921,-122.65,38.47,24,2268,330,847,296,3.858,214400,<1H OCEAN
922,-122.75,38.5,16,4196,638,1713,615,5.449,252100,<1H OCEAN
923,-122.73,38.46,14,2324,754,1026,677,1.722,150000,<1H OCEAN
924,-122.74,38.45,25,2696,496,1296,514,4.0798,179200,<1H OCEAN
925,-122.75,38.41,17,3150,588,1857,610,3.9688,165000,<1H OCEAN
926,-122.84,38.42,29,2756,551,1381,531,2.9625,237300,<1H OCEAN
927,-122.84,38.41,19,2191,391,1065,404,4.125,204600,<1H OCEAN
928,-122.85,38.37,16,1762,293,810,297,4.4437,305000,<1H OCEAN
929,-122.87,38.61,23,2676,521,1456,500,3.7361,173700,<1H OCEAN
930,-123.01,38.8,21,360,96,131,74,3.5156,133300,<1H OCEAN
931,-123.49,38.7,9,5409,1019,594,327,3.3125,295400,NEAR OCEAN
932,-122.96,38.42,50,2530,524,940,361,2.9375,122900,<1H OCEAN
933,-120.86,37.77,38,1545,279,662,266,3.825,96400,INLAND
934,-120.97,37.69,14,5514,909,2819,970,3.8598,174400,INLAND
935,-121.06,37.7,7,9374,1847,4827,1722,3.462,151900,INLAND
936,-121.04,37.67,16,19,19,166,9,0.536,162500,INLAND
937,-121,37.68,15,1232,180,408,196,6.9682,182400,INLAND
938,-121.04,37.68,28,1909,398,1140,380,2.3783,81400,INLAND
939,-121.02,37.68,25,3262,588,1834,578,3.996,114500,INLAND
940,-120.98,37.68,27,4006,762,1806,718,3.1848,112800,INLAND
941,-121.02,37.65,20,2973,620,1996,570,3.0645,106000,INLAND
942,-121.01,37.64,33,693,207,598,192,1.0217,81300,INLAND
943,-120.8,37.61,30,918,154,469,139,3.9688,175000,INLAND
944,-121.03,37.33,27,1333,230,730,229,3.06,106000,INLAND
945,-120.89,37.54,30,509,115,275,115,2.2679,250000,INLAND
946,-120.85,37.5,52,1724,352,922,348,1.7227,85700,INLAND
947,-120.84,37.49,25,2383,576,1234,583,1.4529,86100,INLAND
948,-120.83,37.52,6,1488,252,773,259,4.1859,150000,INLAND
949,-121.63,39.12,34,1991,348,804,344,3.4492,98800,INLAND
950,-121.62,39.12,26,1405,204,627,215,4.2188,94200,INLAND
951,-121.71,39.25,37,1871,321,806,294,4,101400,INLAND
952,-121.64,39.22,37,1189,248,627,219,3.8611,100000,INLAND
953,-122.34,40.32,12,3848,689,2008,683,2.6352,92200,INLAND
954,-122.22,40.18,13,3719,803,1754,764,2.3517,88900,INLAND
955,-122.18,39.93,35,1387,272,610,237,2.1759,59500,INLAND
956,-122.19,39.91,39,2467,529,1433,502,1.8571,53500,INLAND
957,-123.48,40.34,19,518,108,216,80,2.7083,64500,INLAND
958,-119.25,36.56,35,1675,373,1131,316,1.6722,59100,INLAND
959,-119.4,36.55,19,3000,628,2202,590,2.5141,67400,INLAND
960,-119.39,36.55,30,1669,314,837,325,3.3869,80400,INLAND
961,-119.38,36.54,33,2465,536,2030,522,1.5223,51800,INLAND
962,-119.23,36.39,39,1660,349,1061,306,1.4812,53500,INLAND
963,-119.31,36.39,32,2293,466,1538,468,1.9342,68600,INLAND
964,-119.32,36.36,18,2060,383,1348,397,3.4312,68400,INLAND
965,-119.29,36.34,35,1235,369,1246,341,1.474,71000,INLAND
966,-119.3,36.34,45,3723,831,2256,770,1.8299,63100,INLAND
967,-119.29,36.32,35,1898,481,1123,433,1.1419,62900,INLAND
968,-119.27,36.32,6,2881,518,1432,504,4.0806,110200,INLAND
969,-119.29,36.31,34,1439,253,607,223,3.0972,82800,INLAND
970,-119.31,36.31,18,3860,760,1643,664,2.0714,92600,INLAND
971,-119.34,36.22,38,2708,460,1260,455,3.0905,78200,INLAND
972,-119.08,36.13,21,2271,376,1145,372,3.1528,113700,INLAND
973,-119,36.05,24,3208,691,1986,662,1.5506,52300,INLAND
974,-119.27,35.87,12,972,269,1134,286,1.63,49500,INLAND
975,-120.3,37.99,23,1908,383,984,374,2.517,153500,INLAND
976,-119.04,34.34,35,462,90,334,96,5.3582,281300,<1H OCEAN
977,-119.31,34.44,5,403,48,208,54,12.632,500001,NEAR OCEAN
978,-119.22,34.34,29,3128,672,1815,648,2.9821,175700,NEAR OCEAN
979,-119.23,34.28,24,4260,691,1581,607,5.5048,303600,NEAR OCEAN
980,-119.25,34.27,35,2532,407,1338,422,4.7727,219000,NEAR OCEAN
981,-119.17,34.16,17,5276,1020,4066,984,4.5828,205400,NEAR OCEAN
982,-119.06,34.24,21,7436,984,2982,988,7.6775,391200,<1H OCEAN
983,-119.04,34.24,20,7794,1192,4169,1188,5.9316,311900,<1H OCEAN
984,-119.02,34.24,24,4650,748,2374,702,5.8838,232600,<1H OCEAN
985,-119.06,34.22,13,4175,1321,2257,1271,3.1446,177100,<1H OCEAN
986,-119.05,34.21,27,4357,926,2110,876,3.0119,218200,<1H OCEAN
987,-118.85,34.21,29,2195,414,1360,401,3.4773,206700,<1H OCEAN
988,-118.86,34.19,29,1326,185,586,187,6.5474,422900,<1H OCEAN
989,-118.69,34.18,11,1177,138,415,119,10.0472,500001,<1H OCEAN
990,-118.83,34.33,6,6679,1164,3196,1157,5.4493,242600,<1H OCEAN
991,-118.75,34.27,24,3241,461,1567,446,5.5983,233300,<1H OCEAN
992,-118.67,34.28,21,4059,598,2133,634,5.6949,235300,<1H OCEAN
993,-121.52,38.57,43,2360,471,1041,452,2.89,86200,
994,-121.55,38.51,22,2403,431,1088,421,3.9,146900,INLAND
995,-119.31,36.3,20,1256,209,566,195,4.0221,86300,INLAND
996,-119.3,36.3,14,3023,469,1523,492,5.3602,118600,INLAND
997,-121.7,38.65,22,1360,282,808,229,2.4167,225000,INLAND
998,-121.92,38.57,10,1320,246,898,228,1.9327,193800,INLAND
999,-122,38.83,26,272,49,194,52,3.4187,98400,INLAND
1000,-121.21,39.49,18,697,150,356,114,2.5568,77100,INLAND